{
  "loss": 0.0,
  "decision_accuracy": 0.40625,
  "decision_macro_f1": 0.34257736802101135,
  "decision_precision_LSR": [
    0.20588235557079315,
    0.45614033937454224,
    0.37254902720451355
  ],
  "decision_recall_LSR": [
    0.08860759437084198,
    0.604651153087616,
    0.3958333432674408
  ],
  "decision_f1_LSR": [
    0.12389381229877472,
    0.5199999809265137,
    0.383838415145874
  ],
  "future_decision_accuracy": 0.72328125,
  "future_event_accuracy": 0.40625,
  "future_event_macro_f1": 0.34257736802101135,
  "future_event_recall_LSR": [
    0.08860759437084198,
    0.604651153087616,
    0.3958333432674408
  ],
  "future_event_confusion_matrix": [
    [
      7,
      65,
      7
    ],
    [
      26,
      78,
      25
    ],
    [
      1,
      28,
      19
    ]
  ],
  "lane_change_event_recall": 0.2047244094488189,
  "lane_change_event_precision": 0.3058823529411765,
  "lane_change_event_time_mae_frames": 47.19230769230769,
  "speed_rmse": 4.739359844776639,
  "steer_rmse_rad": 0.020164691244237903,
  "confusion_matrix": [
    [
      7,
      65,
      7
    ],
    [
      26,
      78,
      25
    ],
    [
      1,
      28,
      19
    ]
  ],
  "machine_lane_change_rate": 0.33203125,
  "machine_high_risk_lane_change_rate": 0.6854838709677419,
  "machine_unsafe_lane_change_rate": 0.0,
  "machine_mean_abs_steer_rad": 0.0035286529660224913,
  "machine_mean_abs_accel_mps2": 1.1520773010253906,
  "machine_max_abs_steer_rad": 0.3154245913028717
}